<faces-config version="2.3"
              xmlns="http://xmlns.jcp.org/xml/ns/javaee"
              xmlns:xsi="http://www.w3.org/2001/XMLSchema-instance"
              xsi:schemaLocation="http://xmlns.jcp.org/xml/ns/javaee http://xmlns.jcp.org/xml/ns/javaee/web-facesconfig_2_3.xsd">

    <application>
        <resource-bundle>
            <base-name>Messages</base-name>
            <var>msgs</var>
        </resource-bundle>
        <locale-config>
            <default-locale>en</default-locale>
            <supported-locale>ar</supported-locale>
            <supported-locale>de</supported-locale>
            <supported-locale>el</supported-locale>
            <supported-locale>en</supported-locale>
            <supported-locale>es</supported-locale>
            <supported-locale>fr</supported-locale>
            <supported-locale>ru</supported-locale>
            <supported-locale>zh</supported-locale>
        </locale-config>
    </application>
</faces-config>
